filename,words
35.jpeg,35.0
130.jpg,85.0
380.jpeg,
239.jpg,
265.jpeg,
87.jpeg,
389.jpeg,
337.jpeg,
149.jpeg,
31.jpeg,
379.jpeg,
246.jpeg,
19.jpeg,
1.jpeg,
268.jpeg,
321.jpeg,
342.jpeg,
182.jpeg,
360.jpeg,
225.jpg,
295.jpeg,
384.jpeg,
275.jpeg,
370.jpeg,
208.jpeg,
328.jpeg,
322.jpeg,
188.jpeg,
388.jpg,
38.jpeg,
383.jpeg,
94.jpeg,
297.jpeg,
80.jpeg,
166.jpg,
103.jpeg,
292.jpeg,
102.jpeg,
212.jpeg,
250.jpeg,
362.jpg,
44.jpeg,
294.jpeg,
404.jpeg,
247.jpeg,
51.jpg,
64.jpeg,
318.jpeg,
394.jpeg,
25.jpeg,
327.jpg,
262.jpeg,
253.jpeg,
160.jpeg,
32.jpg,
187.jpeg,
83.jpeg,
62.jpeg,
310.jpg,
131.jpeg,
114.jpeg,
290.jpeg,
58.jpeg,
407.jpeg,
198.jpeg,
76.jpeg,
173.jpg,
236.jpeg,
323.jpg,
93.jpeg,
59.jpeg,
57.jpg,
213.jpeg,
27.jpeg,
140.jpg,
251.jpg,
137.jpeg,
73.jpg,
126.jpeg,
105.jpg,
298.jpeg,
65.jpg,
18.jpeg,
255.jpeg,
154.jpeg,
37.jpg,
205.jpeg,
375.jpeg,
197.jpg,
56.jpg,
178.jpeg,
133.jpg,
228.jpeg,
303.jpg,
313.jpeg,
385.jpeg,
352.jpg,
235.jpg,
75.jpg,
242.jpeg,
319.jpg,
156.jpeg,
172.jpg,
363.jpeg,
155.jpeg,
99.jpeg,
69.jpeg,
55.jpeg,
115.jpeg,
168.jpeg,
185.jpeg,
288.jpeg,
78.jpeg,
368.jpeg,
191.jpeg,
175.jpg,
147.jpeg,
240.jpeg,
47.jpeg,
227.jpg,
129.jpeg,
21.jpeg,
92.jpeg,
333.jpeg,
86.jpeg,
283.jpeg,
52.jpg,
264.jpeg,
40.jpeg,
351.jpeg,
355.jpeg,
36.jpeg,
210.jpeg,
143.jpeg,
249.jpg,
202.jpeg,
24.jpeg,
326.jpeg,
67.jpeg,
17.jpeg,
223.jpg,
97.jpeg,
204.jpeg,
387.jpeg,
367.jpeg,
354.jpeg,
300.jpeg,
209.jpeg,
393.jpg,
169.jpeg,
194.jpeg,
331.jpeg,
77.jpg,
286.jpeg,
231.jpg,
224.jpeg,
317.jpg,
291.jpeg,
82.jpeg,
214.jpeg,
339.jpg,
332.jpeg,
270.jpeg,
346.jpg,
281.jpeg,
254.jpeg,
344.jpeg,
120.jpg,
296.jpeg,
71.jpeg,
181.jpeg,
196.jpg,
68.jpg,
399.jpeg,
53.jpg,
89.jpg,
232.jpeg,
46.jpeg,
410.jpg,
10.jpg,
179.jpg,
381.jpg,
66.jpeg,
12.jpeg,
408.jpeg,
2.jpeg,
42.jpeg,
229.jpeg,
395.jpeg,
338.jpeg,
372.jpeg,
29.jpeg,
285.jpeg,
199.jpeg,
50.jpeg,
211.jpeg,
341.jpeg,
15.jpg,
365.jpeg,
316.jpeg,
243.jpg,
9.jpeg,
257.jpeg,
39.jpeg,
413.jpeg,
241.jpeg,
23.jpeg,
343.jpeg,
7.jpeg,
406.jpg,
96.jpg,
308.jpeg,
49.jpg,
353.jpg,
107.jpeg,
70.jpg,
163.jpg,
279.jpeg,
200.jpeg,
109.jpg,
287.jpg,
349.jpeg,
306.jpg,
88.jpeg,
335.jpg,
348.jpeg,
350.jpeg,
41.jpeg,
329.jpeg,
377.jpeg,
361.jpeg,
5.jpeg,
22.jpeg,
336.jpg,
392.jpeg,
414.jpeg,
63.jpeg,
8.jpeg,
373.jpeg,
302.jpeg,
409.jpeg,
60.jpeg,
61.jpeg,
153.jpg,
397.jpeg,
280.jpg,
340.jpeg,
301.jpeg,
30.jpeg,
13.jpeg,
259.jpeg,
330.jpg,
382.jpeg,
309.jpg,
203.jpeg,
347.jpeg,
141.jpg,
183.jpeg,
245.jpg,
273.jpeg,
289.jpg,
91.jpg,
282.jpeg,
74.jpeg,
4.jpeg,
26.jpeg,
356.jpeg,
20.jpeg,
386.jpeg,
272.jpeg,
170.jpg,
84.jpeg,
48.jpeg,
81.jpg,
412.jpg,
192.jpeg,
33.jpg,
376.jpg,
358.jpeg,
345.jpeg,
277.jpeg,
276.jpeg,
45.jpeg,
193.jpg,
366.jpg,
151.jpeg,
284.jpg,
111.jpg,
98.jpeg,
391.jpeg,
374.jpeg,
266.jpg,
100.jpg,
411.jpeg,
79.jpeg,
278.jpeg,
305.jpg,
11.jpg,
72.jpg,
390.jpeg,
3.jpeg,
378.jpeg,
215.jpg,
398.jpeg,
402.jpeg,
320.jpg,
43.jpeg,book
293.jpg,
116.jpeg,
6.jpeg,
230.jpeg,
400.jpeg,
207.jpg,
307.jpg,
90.jpeg,
16.jpeg,
237.jpeg,
85.jpeg,
34.jpeg,
28.jpeg,
174.jpeg,
299.jpeg,
248.jpg,
396.jpeg,
403.jpeg,
364.jpg,
401.jpg,
161.jpeg,
206.jpeg,
54.jpg,
369.jpg,
14.jpg,
